,Bronze,Gold,Rank,Silver,Total,Year,Country
0,39,29,1,44,112,1900,France (FRA)[a]
1,15,19,2,14,48,1900,United States (USA)[a]
2,9,16,3,7,32,1900,Great Britain (GBR)[a]
3,5,6,4,5,16,1900,Belgium (BEL)
4,3,6,5,3,12,1900,Mixed team (ZZX)
5,1,6,6,2,9,1900,Switzerland (SUI)
6,2,4,7,3,9,1900,Germany (GER)
7,0,3,8,2,5,1900,Italy (ITA)
8,3,2,9,0,5,1900,Australia (AUS)[a]
9,2,1,10,3,6,1900,Denmark (DEN)[a]
10,2,1,11,2,5,1900,Hungary (HUN)
11,0,1,12,1,2,1900,Cuba (CUB)
12,1,1,13,0,2,1900,Canada (CAN)
13,0,1,14,0,1,1900,Spain (ESP)
14,3,0,15,3,6,1900,Austria (AUT)
15,3,0,16,2,5,1900,Norway (NOR)
16,3,0,16,2,5,1900,Netherlands (NED)[a]
17,0,0,18,2,2,1900,India (IND)
18,1,0,19,1,2,1900,Bohemia (BOH)[a]
19,1,0,20,0,1,1900,Mexico (MEX)
20,1,0,20,0,1,1900,Sweden (SWE)[a]
21,94,96,Total (21 NOCs),96,286,1900,Total (21 NOCs)
0,79,78,1,82,239,1904,United States (USA)*
1,5,4,2,4,13,1904,Germany (GER)
2,3,4,3,2,9,1904,Cuba (CUB)
3,1,4,4,1,6,1904,Canada (CAN)
4,1,2,5,1,4,1904,Hungary (HUN)
5,0,1,6,1,2,1904,Great Britain (GBR)
6,0,1,6,1,2,1904,Mixed team (ZZX)
7,1,1,8,0,2,1904,Greece (GRE)
8,1,1,8,0,2,1904,Switzerland (SUI)
9,1,0,10,0,1,1904,Austria (AUT)
10,92,96,Totals (10 nations),92,280,1904,Totals (10 nations)
0,39,56,1,51,146,1908,Great Britain (GBR)*[a]
1,12,23,2,12,47,1908,United States (USA)
2,11,8,3,6,25,1908,Sweden (SWE)
3,9,5,4,5,19,1908,France (FRA)
4,5,3,5,5,13,1908,Germany (GER)[a]
5,2,3,6,4,9,1908,Hungary (HUN)
6,10,3,7,3,16,1908,Canada (CAN)
7,3,2,8,3,8,1908,Norway (NOR)
8,0,2,9,2,4,1908,Italy (ITA)
9,2,1,10,5,8,1908,Belgium (BEL)
10,2,1,11,2,5,1908,Australasia (ANZ)
11,0,1,12,2,3,1908,Russian Empire (RU1)
12,3,1,13,1,5,1908,Finland (FIN)
13,0,1,14,1,2,1908,South Africa (RSA)
14,1,0,15,3,4,1908,Greece (GRE)[b]
15,3,0,16,2,5,1908,Denmark (DEN)
16,2,0,17,0,2,1908,Bohemia (BOH)
17,2,0,17,0,2,1908,Netherlands (NED)
18,1,0,19,0,1,1908,Austria (AUT)
19,107,110,Totals (19 nations),107,324,1908,Totals (19 nations)
0,19,25,1,19,63,1912,United States (USA)
1,17,24,2,24,65,1912,Sweden (SWE)*
2,16,10,3,15,41,1912,Great Britain (GBR)
3,9,9,4,8,26,1912,Finland (FIN)
4,3,7,5,4,14,1912,France (FRA)
5,7,5,6,13,25,1912,Germany (GER)
6,0,4,7,2,6,1912,South Africa (RSA)
7,4,4,8,1,9,1912,Norway (NOR)
8,3,3,9,2,8,1912,Canada (CAN)
9,3,3,9,2,8,1912,Hungary (HUN)
10,2,3,11,1,6,1912,Italy (ITA)
11,3,2,12,2,7,1912,Australasia (ANZ)
12,3,2,13,1,6,1912,Belgium (BEL)
13,5,1,14,6,12,1912,Denmark (DEN)
14,1,1,15,0,2,1912,Greece (GRE)
15,3,0,16,2,5,1912,Russian Empire (RU1)
16,2,0,17,2,4,1912,Austria (AUT)
17,3,0,18,0,3,1912,Netherlands (NED)
18,103,103,Totals (18 nations),104,310,1912,Totals (18 nations)
0,27,41,1,27,95,1920,United States (USA)
1,25,19,2,20,64,1920,Sweden (SWE)
2,13,15,3,15,43,1920,Great Britain (GBR)
3,9,15,4,10,34,1920,Finland (FIN)
4,11,14,5,11,36,1920,Belgium (BEL)*
5,9,13,6,9,31,1920,Norway (NOR)
6,5,13,7,5,23,1920,Italy (ITA)
7,13,9,8,19,41,1920,France (FRA)
8,5,4,9,2,11,1920,Netherlands (NED)
9,1,3,10,9,13,1920,Denmark (DEN)
10,3,3,11,4,10,1920,South Africa (RSA)
11,3,3,12,3,9,1920,Canada (CAN)
12,7,2,13,2,11,1920,Switzerland (SUI)
13,0,1,14,2,3,1920,Estonia (EST)
14,1,1,15,1,3,1920,Brazil (BRA)
15,1,0,16,2,3,1920,Australia (AUS)
16,0,0,17,2,2,1920,Japan (JPN)
17,0,0,17,2,2,1920,Spain (ESP)
18,0,0,19,1,1,1920,Greece (GRE)
19,0,0,19,1,1,1920,Luxembourg (LUX)
20,2,0,21,0,2,1920,Czechoslovakia (TCH)
21,1,0,22,0,1,1920,New Zealand (NZL)
22,136,156,Totals (22 nations),147,439,1920,Totals (22 nations)
0,27,45,1,27,99,1924,United States (USA)
1,10,14,2,13,37,1924,Finland (FIN)
2,10,13,3,15,38,1924,France (FRA)*
3,12,9,4,13,34,1924,Great Britain (GBR)
4,5,8,5,3,16,1924,Italy (ITA)
5,10,7,6,8,25,1924,Switzerland (SUI)
6,3,5,7,2,10,1924,Norway (NOR)
7,12,4,8,13,29,1924,Sweden (SWE)
8,5,4,9,1,10,1924,Netherlands (NED)
9,3,3,10,7,13,1924,Belgium (BEL)
10,2,3,11,1,6,1924,Australia (AUS)
11,2,2,12,5,9,1924,Denmark (DEN)
12,4,2,13,3,9,1924,Hungary (HUN)
13,0,2,14,0,2,1924,Yugoslavia (YUG)
14,5,1,15,4,10,1924,Czechoslovakia (TCH)
15,2,1,16,3,6,1924,Argentina (ARG)
16,4,1,17,1,6,1924,Estonia (EST)
17,1,1,18,1,3,1924,South Africa (RSA)
18,0,1,19,0,1,1924,Uruguay (URU)
19,1,0,20,3,4,1924,Austria (AUT)
20,1,0,20,3,4,1924,Canada (CAN)
21,1,0,22,1,2,1924,Poland (POL)
22,1,0,23,0,1,1924,Haiti (HAI)
23,1,0,23,0,1,1924,Japan (JPN)
24,1,0,23,0,1,1924,New Zealand (NZL)
25,1,0,23,0,1,1924,Portugal (POR)
26,1,0,23,0,1,1924,Romania (ROU)
27,125,126,Totals (27 nations),127,378,1924,Totals (27 nations)
0,16,22,1,18,56,1928,United States (USA)
1,14,10,2,7,31,1928,Germany (GER)
2,9,8,3,8,25,1928,Finland (FIN)
3,12,7,4,6,25,1928,Sweden (SWE)
4,7,7,5,5,19,1928,Italy (ITA)
5,4,7,6,4,15,1928,Switzerland (SUI)
6,5,6,7,10,21,1928,France (FRA)
7,4,6,8,9,19,1928,Netherlands (NED)*
8,0,4,9,5,9,1928,Hungary (HUN)
9,7,4,10,4,15,1928,Canada (CAN)
10,7,3,11,10,20,1928,Great Britain (GBR)
11,1,3,12,3,7,1928,Argentina (ARG)
12,2,3,13,1,6,1928,Denmark (DEN)
13,2,2,14,5,9,1928,Czechoslovakia (TCH)
14,1,2,15,2,5,1928,Japan (JPN)
15,2,2,16,1,5,1928,Estonia (EST)
16,1,2,17,1,4,1928,Egypt (EGY)
17,1,2,18,0,3,1928,Austria (AUT)
18,1,1,19,2,4,1928,Australia (AUS)
19,1,1,19,2,4,1928,Norway (NOR)
20,3,1,21,1,5,1928,Poland (POL)
21,3,1,21,1,5,1928,Yugoslavia (YUG)
22,2,1,23,0,3,1928,South Africa (RSA)
23,0,1,24,0,1,1928,India (IND)
24,0,1,24,0,1,1928,Ireland (IRL)
25,0,1,24,0,1,1928,New Zealand (NZL)
26,0,1,24,0,1,1928,Spain (ESP)
27,0,1,24,0,1,1928,Uruguay (URU)
28,2,0,29,1,3,1928,Belgium (BEL)
29,0,0,30,1,1,1928,Chile (CHI)
30,0,0,30,1,1,1928,Haiti (HAI)
31,1,0,32,0,1,1928,Philippines (PHI)
32,1,0,32,0,1,1928,Portugal (POR)
33,109,110,Totals (33 nations),108,327,1928,Totals (33 nations)
0,30,41,1,32,103,1932,United States (USA)*
1,12,12,2,12,36,1932,Italy (ITA)
2,4,10,3,5,19,1932,France (FRA)
3,9,9,4,5,23,1932,Sweden (SWE)
4,4,7,5,7,18,1932,Japan (JPN)
5,5,6,6,4,15,1932,Hungary (HUN)
6,12,5,7,8,25,1932,Finland (FIN)
7,5,4,8,7,16,1932,Great Britain (GBR)
8,5,3,9,12,20,1932,Germany (GER)
9,1,3,10,1,5,1932,Australia (AUS)
10,0,3,11,1,4,1932,Argentina (ARG)
11,8,2,12,5,15,1932,Canada (CAN)
12,0,2,13,5,7,1932,Netherlands (NED)
13,4,2,14,1,7,1932,Poland (POL)
14,3,2,15,0,5,1932,South Africa (RSA)
15,0,2,16,0,2,1932,Ireland (IRL)
16,1,1,17,2,4,1932,Czechoslovakia (TCH)
17,3,1,18,1,5,1932,Austria (AUT)
18,0,1,19,0,1,1932,India (IND)
19,3,0,20,3,6,1932,Denmark (DEN)
20,0,0,21,2,2,1932,Mexico (MEX)
21,0,0,22,1,1,1932,Latvia (LAT)
22,0,0,22,1,1,1932,New Zealand (NZL)
23,0,0,22,1,1,1932,Switzerland (SUI)
24,3,0,25,0,3,1932,Philippines (PHI)
25,1,0,26,0,1,1932,Spain (ESP)
26,1,0,26,0,1,1932,Uruguay (URU)
27,114,116,Totals (27 nations),116,346,1932,Totals (27 nations)
0,30,33,1,26,89,1936,Germany (GER)*
1,12,24,2,20,56,1936,United States (USA)
2,5,10,3,1,16,1936,Hungary (HUN)
3,5,8,4,9,22,1936,Italy (ITA)
4,6,7,5,6,19,1936,Finland (FIN)
5,6,7,5,6,19,1936,France (FRA)
6,9,6,7,5,20,1936,Sweden (SWE)
7,8,6,8,4,18,1936,Japan (JPN)
8,7,6,9,4,17,1936,Netherlands (NED)
9,3,4,10,7,14,1936,Great Britain (GBR)
10,3,4,11,6,13,1936,Austria (AUT)
11,0,3,12,5,8,1936,Czechoslovakia (TCH)
12,3,2,13,2,7,1936,Argentina (ARG)
13,3,2,13,2,7,1936,Estonia (EST)
14,2,2,15,1,5,1936,Egypt (EGY)
15,5,1,16,9,15,1936,Switzerland (SUI)
16,5,1,17,3,9,1936,Canada (CAN)
17,2,1,18,3,6,1936,Norway (NOR)
18,1,1,19,0,2,1936,Turkey (TUR)
19,0,1,20,0,1,1936,India (IND)
20,0,1,20,0,1,1936,New Zealand (NZL)
21,3,0,22,3,6,1936,Poland (POL)
22,3,0,23,2,5,1936,Denmark (DEN)
23,1,0,24,1,2,1936,Latvia (LAT)
24,0,0,25,1,1,1936,Romania (ROU)
25,0,0,25,1,1,1936,South Africa (RSA)
26,0,0,25,1,1,1936,Yugoslavia (YUG)
27,3,0,28,0,3,1936,Mexico (MEX)
28,2,0,29,0,2,1936,Belgium (BEL)
29,1,0,30,0,1,1936,Australia (AUS)
30,1,0,30,0,1,1936,Philippines (PHI)
31,1,0,30,0,1,1936,Portugal (POR)
32,130,130,Totals (32 nations),128,388,1936,Totals (32 nations)
0,19,38,1,27,84,1948,United States (USA)
1,17,16,2,11,44,1948,Sweden (SWE)
2,13,10,3,6,29,1948,France (FRA)
3,12,10,4,5,27,1948,Hungary (HUN)
4,8,8,5,11,27,1948,Italy (ITA)
5,5,8,6,7,20,1948,Finland (FIN)
6,2,6,7,4,12,1948,Turkey (TUR)
7,3,6,8,2,11,1948,Czechoslovakia (TCH)
8,5,5,9,10,20,1948,Switzerland (SUI)
9,8,5,10,7,20,1948,Denmark (DEN)
10,9,5,11,2,16,1948,Netherlands (NED)
11,6,3,12,14,23,1948,Great Britain (GBR)*
12,1,3,13,3,7,1948,Argentina (ARG)
13,5,2,14,6,13,1948,Australia (AUS)
14,3,2,15,2,7,1948,Belgium (BEL)
15,1,2,16,2,5,1948,Egypt (EGY)
16,2,2,17,1,5,1948,Mexico (MEX)
17,1,2,18,1,4,1948,South Africa (RSA)
18,3,1,19,3,7,1948,Norway (NOR)
19,0,1,20,2,3,1948,Jamaica (JAM)
20,3,1,21,0,4,1948,Austria (AUT)
21,0,1,22,0,1,1948,India (IND)
22,0,1,22,0,1,1948,Peru (PER)
23,0,0,24,2,2,1948,Yugoslavia (YUG)
24,2,0,25,1,3,1948,Canada (CAN)
25,1,0,26,1,2,1948,Portugal (POR)
26,1,0,26,1,2,1948,Uruguay (URU)
27,0,0,28,1,1,1948,Ceylon (CEY)
28,0,0,28,1,1,1948,Cuba (CUB)
29,0,0,28,1,1,1948,Spain (ESP)
30,0,0,28,1,1,1948,Trinidad and Tobago (TRI)
31,2,0,32,0,2,1948,Panama (PAN)
32,2,0,32,0,2,1948,South Korea (KOR)
33,1,0,34,0,1,1948,Brazil (BRA)
34,1,0,34,0,1,1948,Iran (IRI)
35,1,0,34,0,1,1948,Poland (POL)
36,1,0,34,0,1,1948,Puerto Rico (PUR)
37,138,138,Totals (37 nations),135,411,1948,Totals (37 nations)
0,17,40,1,19,76,1952,United States (USA)
1,19,22,2,30,71,1952,Soviet Union (URS)
2,16,16,3,10,42,1952,Hungary (HUN)
3,10,12,4,13,35,1952,Sweden (SWE)
4,4,8,5,9,21,1952,Italy (ITA)
5,3,7,6,3,13,1952,Czechoslovakia (TCH)
6,6,6,7,6,18,1952,France (FRA)
7,13,6,8,3,22,1952,Finland (FIN)*
8,3,6,9,2,11,1952,Australia (AUS)
9,0,3,10,2,5,1952,Norway (NOR)
10,6,2,11,6,14,1952,Switzerland (SUI)
11,4,2,12,4,10,1952,South Africa (RSA)
12,0,2,13,3,5,1952,Jamaica (JAM)
13,0,2,14,2,4,1952,Belgium (BEL)
14,3,2,15,1,6,1952,Denmark (DEN)
15,1,2,16,0,3,1952,Turkey (TUR)
16,2,1,17,6,9,1952,Japan (JPN)
17,8,1,18,2,11,1952,Great Britain (GBR)
18,2,1,19,2,5,1952,Argentina (ARG)
19,1,1,20,2,4,1952,Poland (POL)
20,0,1,21,2,3,1952,Canada (CAN)
21,0,1,21,2,3,1952,Yugoslavia (YUG)
22,2,1,23,1,4,1952,Romania (ROU)
23,2,1,24,0,3,1952,Brazil (BRA)
24,2,1,24,0,3,1952,New Zealand (NZL)
25,1,1,26,0,2,1952,India (IND)
26,0,1,27,0,1,1952,Luxembourg (LUX)
27,17,0,28,7,24,1952,Germany (GER)
28,0,0,29,5,5,1952,Netherlands (NED)
29,4,0,30,3,7,1952,Iran (IRI)
30,0,0,31,2,2,1952,Chile (CHI)
31,1,0,32,1,2,1952,Austria (AUT)
32,1,0,32,1,2,1952,Lebanon (LIB)
33,0,0,34,1,1,1952,Ireland (IRL)
34,0,0,34,1,1,1952,Mexico (MEX)
35,0,0,34,1,1,1952,Spain (ESP)
36,2,0,37,0,2,1952,South Korea (KOR)
37,2,0,37,0,2,1952,Trinidad and Tobago (TRI)
38,2,0,37,0,2,1952,Uruguay (URU)
39,1,0,40,0,1,1952,Bulgaria (BUL)
40,1,0,40,0,1,1952,Egypt (EGY)
41,1,0,40,0,1,1952,Portugal (POR)
42,1,0,40,0,1,1952,Venezuela (VEN)
43,158,149,Totals (43 nations),152,459,1952,Totals (43 nations)
0,32,37,1,29,98,1956,Soviet Union (URS)
1,17,32,2,25,74,1956,United States (USA)
2,14,13,3,8,35,1956,Australia (AUS)*
3,7,9,4,10,26,1956,Hungary (HUN)
4,9,8,5,8,25,1956,Italy (ITA)
5,6,8,6,5,19,1956,Sweden (SWE)*
6,7,6,7,13,26,1956,United Team of Germany (EUA)
7,11,6,8,7,24,1956,Great Britain (GBR)
8,5,5,9,3,13,1956,Romania (ROU)
9,5,4,10,10,19,1956,Japan (JPN)
10,6,4,11,4,14,1956,France (FRA)
11,2,3,12,2,7,1956,Turkey (TUR)
12,11,3,13,1,15,1956,Finland (FIN)
13,1,2,14,2,5,1956,Iran (IRI)
14,3,2,15,1,6,1956,Canada (CAN)
15,0,2,16,0,2,1956,New Zealand (NZL)
16,4,1,17,4,9,1956,Poland (POL)
17,1,1,18,4,6,1956,Czechoslovakia (TCH)
18,1,1,19,3,5,1956,Bulgaria (BUL)
19,1,1,20,2,4,1956,Denmark (DEN)
20,3,1,21,1,5,1956,Ireland (IRL)
21,2,1,22,0,3,1956,Norway (NOR)
22,1,1,23,0,2,1956,Mexico (MEX)
23,0,1,24,0,1,1956,Brazil (BRA)
24,0,1,24,0,1,1956,India (IND)
25,0,0,26,3,3,1956,Yugoslavia (YUG)
26,2,0,27,2,4,1956,Chile (CHI)
27,0,0,28,2,2,1956,Belgium (BEL)
28,1,0,29,1,2,1956,Argentina (ARG)
29,1,0,29,1,2,1956,South Korea (KOR)
30,0,0,31,1,1,1956,Iceland (ISL)
31,0,0,31,1,1,1956,Pakistan (PAK)
32,4,0,33,0,4,1956,South Africa (RSA)
33,2,0,34,0,2,1956,Austria (AUT)
34,1,0,35,0,1,1956,Bahamas (BAH)
35,1,0,35,0,1,1956,Greece (GRE)
36,1,0,35,0,1,1956,Switzerland (SUI)
37,1,0,35,0,1,1956,Uruguay (URU)
38,163,153,Totals (38 nations),153,469,1956,Totals (38 nations)
0,31,43,1,29,103,1960,Soviet Union (URS)
1,16,34,2,21,71,1960,United States (USA)
2,13,13,3,10,36,1960,Italy (ITA)*
3,11,12,4,19,42,1960,United Team of Germany (EUA)
4,6,8,5,8,22,1960,Australia (AUS)
5,0,7,6,2,9,1960,Turkey (TUR)
6,7,6,7,8,21,1960,Hungary (HUN)
7,7,4,8,7,18,1960,Japan (JPN)
8,11,4,9,6,21,1960,Poland (POL)
9,3,3,10,2,8,1960,Czechoslovakia (TCH)
10,6,3,11,1,10,1960,Romania (ROU)
11,12,2,12,6,20,1960,Great Britain (GBR)
12,1,2,13,3,6,1960,Denmark (DEN)
13,1,2,14,0,3,1960,New Zealand (NZL)
14,3,1,15,3,7,1960,Bulgaria (BUL)
15,3,1,16,2,6,1960,Sweden (SWE)
16,3,1,17,1,5,1960,Finland (FIN)
17,0,1,18,1,2,1960,Austria (AUT)
18,0,1,18,1,2,1960,Yugoslavia (YUG)
19,1,1,20,0,2,1960,Pakistan (PAK)
20,0,1,21,0,1,1960,Ethiopia (ETH)
21,0,1,21,0,1,1960,Greece (GRE)
22,0,1,21,0,1,1960,Norway (NOR)
23,3,0,24,3,6,1960,Switzerland (SUI)
24,3,0,25,2,5,1960,France (FRA)
25,2,0,26,2,4,1960,Belgium (BEL)
26,3,0,27,1,4,1960,Iran (IRI)
27,2,0,28,1,3,1960,Netherlands (NED)
28,2,0,28,1,3,1960,South Africa (RSA)
29,1,0,30,1,2,1960,Argentina (ARG)
30,1,0,30,1,2,1960,Egypt (EGY)
31,0,0,32,1,1,1960,Canada (CAN)
32,0,0,32,1,1,1960,Ghana (GHA)
33,0,0,32,1,1,1960,India (IND)
34,0,0,32,1,1,1960,Morocco (MAR)
35,0,0,32,1,1,1960,Portugal (POR)
36,0,0,32,1,1,1960,Republic of China (ROC)
37,0,0,32,1,1,1960,Singapore (SIN)
38,2,0,39,0,2,1960,Brazil (BRA)
39,2,0,39,0,2,1960,British West Indies (BWI)
40,1,0,41,0,1,1960,Iraq (IRQ)
41,1,0,41,0,1,1960,Mexico (MEX)
42,1,0,41,0,1,1960,Spain (ESP)
43,1,0,41,0,1,1960,Venezuela (VEN)
44,160,152,Totals (44 nations),149,461,1960,Totals (44 nations)
0,28,36,1,26,90,1964,United States (USA)
1,35,30,2,31,96,1964,Soviet Union (URS)
2,8,16,3,5,29,1964,Japan (JPN)*
3,18,10,4,22,50,1964,United Team of Germany (EUA)
4,7,10,5,10,27,1964,Italy (ITA)
5,5,10,6,7,22,1964,Hungary (HUN)
6,10,7,7,6,23,1964,Poland (POL)
7,10,6,8,2,18,1964,Australia (AUS)
8,3,5,9,6,14,1964,Czechoslovakia (TCH)
9,2,4,10,12,18,1964,Great Britain (GBR)
10,2,3,11,5,10,1964,Bulgaria (BUL)
11,2,3,12,0,5,1964,Finland (FIN)
12,2,3,12,0,5,1964,New Zealand (NZL)
13,6,2,14,4,12,1964,Romania (ROU)
14,4,2,15,4,10,1964,Netherlands (NED)
15,1,2,16,3,6,1964,Turkey (TUR)
16,4,2,17,2,8,1964,Sweden (SWE)
17,3,2,18,1,6,1964,Denmark (DEN)
18,2,2,19,1,5,1964,Yugoslavia (YUG)
19,1,2,20,0,3,1964,Belgium (BEL)
20,6,1,21,8,15,1964,France (FRA)
21,1,1,22,2,4,1964,Canada (CAN)
22,1,1,22,2,4,1964,Switzerland (SUI)
23,0,1,24,0,1,1964,Bahamas (BAH)
24,0,1,24,0,1,1964,Ethiopia (ETH)
25,0,1,24,0,1,1964,India (IND)
26,1,0,27,2,3,1964,South Korea (KOR)
27,2,0,28,1,3,1964,Trinidad and Tobago (TRI)
28,1,0,29,1,2,1964,Tunisia (TUN)
29,0,0,30,1,1,1964,Argentina (ARG)
30,0,0,30,1,1,1964,Cuba (CUB)
31,0,0,30,1,1,1964,Pakistan (PAK)
32,0,0,30,1,1,1964,Philippines (PHI)
33,2,0,34,0,2,1964,Iran (IRI)
34,1,0,35,0,1,1964,Brazil (BRA)
35,1,0,35,0,1,1964,Ghana (GHA)
36,1,0,35,0,1,1964,Ireland (IRL)
37,1,0,35,0,1,1964,Kenya (KEN)
38,1,0,35,0,1,1964,Mexico (MEX)
39,1,0,35,0,1,1964,Nigeria (NGR)
40,1,0,35,0,1,1964,Uruguay (URU)
41,174,163,Totals (41 nations),167,504,1964,Totals (41 nations)
0,34,45,1,28,107,1968,United States (USA)
1,30,29,2,32,91,1968,Soviet Union (URS)
2,7,11,3,7,25,1968,Japan (JPN)
3,12,10,4,10,32,1968,Hungary (HUN)
4,7,9,5,9,25,1968,East Germany (GDR)
5,5,7,6,3,15,1968,France (FRA)
6,4,7,7,2,13,1968,Czechoslovakia (TCH)
7,10,5,8,11,26,1968,West Germany (FRG)
8,5,5,9,7,17,1968,Australia (AUS)
9,3,5,10,5,13,1968,Great Britain (GBR)
10,11,5,11,2,18,1968,Poland (POL)
11,5,4,12,6,15,1968,Romania (ROU)
12,9,3,13,4,16,1968,Italy (ITA)
13,2,3,14,4,9,1968,Kenya (KEN)
14,3,3,15,3,9,1968,Mexico (MEX)*
15,2,3,16,3,8,1968,Yugoslavia (YUG)
16,1,3,17,3,7,1968,Netherlands (NED)
17,3,2,18,4,9,1968,Bulgaria (BUL)
18,2,2,19,1,5,1968,Iran (IRI)
19,1,2,20,1,4,1968,Sweden (SWE)
20,0,2,21,0,2,1968,Turkey (TUR)
21,3,1,22,4,8,1968,Denmark (DEN)
22,1,1,23,3,5,1968,Canada (CAN)
23,1,1,24,2,4,1968,Finland (FIN)
24,0,1,25,1,2,1968,Ethiopia (ETH)
25,0,1,25,1,2,1968,Norway (NOR)
26,2,1,27,0,3,1968,New Zealand (NZL)
27,1,1,28,0,2,1968,Tunisia (TUN)
28,0,1,29,0,1,1968,Pakistan (PAK)
29,0,1,29,0,1,1968,Venezuela (VEN)
30,0,0,31,4,4,1968,Cuba (CUB)
31,2,0,32,2,4,1968,Austria (AUT)
32,4,0,33,1,5,1968,Switzerland (SUI)
33,3,0,34,1,4,1968,Mongolia (MGL)
34,2,0,35,1,3,1968,Brazil (BRA)
35,1,0,36,1,2,1968,Belgium (BEL)
36,1,0,36,1,2,1968,South Korea (KOR)
37,1,0,36,1,2,1968,Uganda (UGA)
38,0,0,39,1,1,1968,Cameroon (CMR)
39,0,0,39,1,1,1968,Jamaica (JAM)
40,2,0,41,0,2,1968,Argentina (ARG)
41,1,0,42,0,1,1968,Greece (GRE)
42,1,0,42,0,1,1968,India (IND)
43,1,0,42,0,1,1968,Republic of China (ROC)
44,183,174,Totals (44 nations),170,527,1968,Totals (44 nations)
0,22,50,1,27,99,1972,Soviet Union (URS)
1,30,33,2,31,94,1972,United States (USA)
2,23,20,3,23,66,1972,East Germany (GDR)
3,16,13,4,11,40,1972,West Germany (FRG)*
4,8,13,5,8,29,1972,Japan (JPN)
5,2,8,6,7,17,1972,Australia (AUS)
6,9,7,7,5,21,1972,Poland (POL)
7,16,6,8,13,35,1972,Hungary (HUN)
8,5,6,9,10,21,1972,Bulgaria (BUL)
9,10,5,10,3,18,1972,Italy (ITA)
10,6,4,11,6,16,1972,Sweden (SWE)
11,9,4,12,5,18,1972,Great Britain (GBR)
12,7,3,13,6,16,1972,Romania (ROU)
13,4,3,14,1,8,1972,Cuba (CUB)
14,4,3,14,1,8,1972,Finland (FIN)
15,1,3,16,1,5,1972,Netherlands (NED)
16,7,2,17,4,13,1972,France (FRA)
17,2,2,18,4,8,1972,Czechoslovakia (TCH)
18,4,2,19,3,9,1972,Kenya (KEN)
19,2,2,20,1,5,1972,Yugoslavia (YUG)
20,1,2,21,1,4,1972,Norway (NOR)
21,3,1,22,1,5,1972,North Korea (PRK)
22,1,1,23,1,3,1972,New Zealand (NZL)
23,0,1,24,1,2,1972,Uganda (UGA)
24,0,1,25,0,1,1972,Denmark (DEN)
25,0,0,26,3,3,1972,Switzerland (SUI)
26,3,0,27,2,5,1972,Canada (CAN)
27,1,0,28,2,3,1972,Iran (IRI)
28,0,0,29,2,2,1972,Belgium (BEL)
29,0,0,29,2,2,1972,Greece (GRE)
30,2,0,31,1,3,1972,Austria (AUT)
31,2,0,31,1,3,1972,Colombia (COL)
32,0,0,33,1,1,1972,Argentina (ARG)
33,0,0,33,1,1,1972,Lebanon (LIB)
34,0,0,33,1,1,1972,Mexico (MEX)
35,0,0,33,1,1,1972,Mongolia (MGL)
36,0,0,33,1,1,1972,Pakistan (PAK)
37,0,0,33,1,1,1972,South Korea (KOR)
38,0,0,33,1,1,1972,Tunisia (TUN)
39,0,0,33,1,1,1972,Turkey (TUR)
40,2,0,41,0,2,1972,Brazil (BRA)
41,2,0,41,0,2,1972,Ethiopia (ETH)
42,1,0,43,0,1,1972,Ghana (GHA)
43,1,0,43,0,1,1972,India (IND)
44,1,0,43,0,1,1972,Jamaica (JAM)
45,1,0,43,0,1,1972,Niger (NIG)
46,1,0,43,0,1,1972,Nigeria (NGR)
47,1,0,43,0,1,1972,Spain (ESP)
48,210,195,Totals (48 nations),195,600,1972,Totals (48 nations)
0,35,49,1,41,125,1976,Soviet Union (URS)
1,25,40,2,25,90,1976,East Germany (GDR)
2,25,34,3,35,94,1976,United States (USA)
3,17,10,4,12,39,1976,West Germany (FRG)
4,10,9,5,6,25,1976,Japan (JPN)
5,13,7,6,6,26,1976,Poland (POL)
6,7,6,7,9,22,1976,Bulgaria (BUL)
7,3,6,8,4,13,1976,Cuba (CUB)
8,14,4,9,9,27,1976,Romania (ROU)
9,13,4,10,5,22,1976,Hungary (HUN)
10,0,4,11,2,6,1976,Finland (FIN)
11,0,4,12,1,5,1976,Sweden (SWE)
12,5,3,13,5,13,1976,Great Britain (GBR)
13,4,2,14,7,13,1976,Italy (ITA)
14,4,2,15,3,9,1976,France (FRA)
15,3,2,16,3,8,1976,Yugoslavia (YUG)
16,4,2,17,2,8,1976,Czechoslovakia (TCH)
17,1,2,18,1,4,1976,New Zealand (NZL)
18,4,1,19,1,6,1976,South Korea (KOR)
19,2,1,20,1,4,1976,Switzerland (SUI)
20,0,1,21,1,2,1976,Jamaica (JAM)
21,0,1,21,1,2,1976,North Korea (PRK)
22,0,1,21,1,2,1976,Norway (NOR)
23,2,1,24,0,3,1976,Denmark (DEN)
24,1,1,25,0,2,1976,Mexico (MEX)
25,0,1,26,0,1,1976,Trinidad and Tobago (TRI)
26,6,0,27,5,11,1976,Canada (CAN)*
27,3,0,28,3,6,1976,Belgium (BEL)
28,3,0,29,2,5,1976,Netherlands (NED)
29,0,0,30,2,2,1976,Portugal (POR)
30,0,0,30,2,2,1976,Spain (ESP)
31,4,0,32,1,5,1976,Australia (AUS)
32,1,0,33,1,2,1976,Iran (IRI)
33,0,0,34,1,1,1976,Mongolia (MGL)
34,0,0,34,1,1,1976,Venezuela (VEN)
35,2,0,36,0,2,1976,Brazil (BRA)
36,1,0,37,0,1,1976,Austria (AUT)
37,1,0,37,0,1,1976,Bermuda (BER)
38,1,0,37,0,1,1976,Pakistan (PAK)
39,1,0,37,0,1,1976,Puerto Rico (PUR)
40,1,0,37,0,1,1976,Thailand (THA)
41,216,198,Totals (41 NOCs),199,613,1976,Totals (41 NOCs)
0,46,80,1,69,195,1980,Soviet Union (URS)*
1,42,47,2,37,126,1980,East Germany (GDR)
2,17,8,3,16,41,1980,Bulgaria (BUL)
3,5,8,4,7,20,1980,Cuba (CUB)
4,4,8,5,3,15,1980,Italy (ITA)
5,15,7,6,10,32,1980,Hungary (HUN)
6,13,6,7,6,25,1980,Romania (ROU)
7,3,6,8,5,14,1980,France (FRA)
8,9,5,9,7,21,1980,Great Britain (GBR)
9,15,3,10,14,32,1980,Poland (POL)
10,6,3,11,3,12,1980,Sweden (SWE)
11,4,3,12,1,8,1980,Finland (FIN)
12,9,2,13,3,14,1980,Czechoslovakia (TCH)
13,4,2,14,3,9,1980,Yugoslavia (YUG)
14,5,2,15,2,9,1980,Australia (AUS)
15,2,2,16,1,5,1980,Denmark (DEN)
16,2,2,17,0,4,1980,Brazil (BRA)
17,2,2,17,0,4,1980,Ethiopia (ETH)
18,0,2,19,0,2,1980,Switzerland (SUI)
19,2,1,20,3,6,1980,Spain (ESP)
20,1,1,21,2,4,1980,Austria (AUT)
21,2,1,22,0,3,1980,Greece (GRE)
22,0,1,23,0,1,1980,Belgium (BEL)
23,0,1,23,0,1,1980,India (IND)
24,0,1,23,0,1,1980,Zimbabwe (ZIM)
25,2,0,26,3,5,1980,North Korea (PRK)
26,2,0,27,2,4,1980,Mongolia (MGL)
27,0,0,28,2,2,1980,Tanzania (TAN)
28,3,0,29,1,4,1980,Mexico (MEX)
29,2,0,30,1,3,1980,Netherlands (NED)
30,1,0,31,1,2,1980,Ireland (IRL)
31,0,0,32,1,1,1980,Uganda (UGA)
32,0,0,32,1,1,1980,Venezuela (VEN)
33,3,0,34,0,3,1980,Jamaica (JAM)
34,1,0,35,0,1,1980,Guyana (GUY)
35,1,0,35,0,1,1980,Lebanon (LIB)
36,223,204,Totals (36 nations),204,631,1980,Totals (36 nations)
0,30,83,1,61,174,1984,United States (USA)*
1,17,20,2,16,53,1984,Romania (ROU)
2,23,17,3,19,59,1984,West Germany (FRG)
3,9,15,4,8,32,1984,China (CHN)
4,12,14,5,6,32,1984,Italy (ITA)
5,16,10,6,18,44,1984,Canada (CAN)
6,14,10,7,8,32,1984,Japan (JPN)
7,2,8,8,1,11,1984,New Zealand (NZL)
8,7,7,9,4,18,1984,Yugoslavia (YUG)
9,7,6,10,6,19,1984,South Korea (KOR)
10,21,5,11,11,37,1984,Great Britain (GBR)
11,16,5,12,7,28,1984,France (FRA)
12,6,5,13,2,13,1984,Netherlands (NED)
13,12,4,14,8,24,1984,Australia (AUS)
14,6,4,15,2,12,1984,Finland (FIN)
15,6,2,16,11,19,1984,Sweden (SWE)
16,1,2,17,3,6,1984,Mexico (MEX)
17,0,2,18,0,2,1984,Morocco (MAR)
18,2,1,19,5,8,1984,Brazil (BRA)
19,2,1,20,2,5,1984,Spain (ESP)
20,2,1,21,1,4,1984,Belgium (BEL)
21,1,1,22,1,3,1984,Austria (AUT)
22,2,1,23,0,3,1984,Kenya (KEN)
23,2,1,23,0,3,1984,Portugal (POR)
24,0,1,25,0,1,1984,Pakistan (PAK)
25,4,0,26,4,8,1984,Switzerland (SUI)
26,3,0,27,3,6,1984,Denmark (DEN)
27,2,0,28,1,3,1984,Jamaica (JAM)
28,2,0,28,1,3,1984,Norway (NOR)
29,1,0,30,1,2,1984,Greece (GRE)
30,1,0,30,1,2,1984,Nigeria (NGR)
31,1,0,30,1,2,1984,Puerto Rico (PUR)
32,0,0,33,1,1,1984,Colombia (COL)
33,0,0,33,1,1,1984,Egypt (EGY)
34,0,0,33,1,1,1984,Ireland (IRL)
35,0,0,33,1,1,1984,Ivory Coast (CIV)
36,0,0,33,1,1,1984,Peru (PER)
37,0,0,33,1,1,1984,Syria (SYR)
38,0,0,33,1,1,1984,Thailand (THA)
39,3,0,40,0,3,1984,Turkey (TUR)
40,3,0,40,0,3,1984,Venezuela (VEN)
41,2,0,42,0,2,1984,Algeria (ALG)
42,1,0,43,0,1,1984,Cameroon (CMR)
43,1,0,43,0,1,1984,Chinese Taipei (TPE)
44,1,0,43,0,1,1984,Dominican Republic (DOM)
45,1,0,43,0,1,1984,Iceland (ISL)
46,1,0,43,0,1,1984,Zambia (ZAM)
47,243,226,Totals (47 nations),219,688,1984,Totals (47 nations)
0,46,55,1,31,132,1988,Soviet Union (URS)
1,30,37,2,35,102,1988,East Germany (GDR)
2,27,36,3,31,94,1988,United States (USA)
3,11,12,4,10,33,1988,South Korea (KOR)*
4,15,11,5,14,40,1988,West Germany (FRG)
5,6,11,6,6,23,1988,Hungary (HUN)
6,13,10,7,12,35,1988,Bulgaria (BUL)
7,6,7,8,11,24,1988,Romania (ROU)
8,6,6,9,4,16,1988,France (FRA)
9,4,6,10,4,14,1988,Italy (ITA)
10,12,5,11,11,28,1988,China (CHN)
11,9,5,12,10,24,1988,Great Britain (GBR)
12,2,5,13,2,9,1988,Kenya (KEN)
13,7,4,14,3,14,1988,Japan (JPN)
14,5,3,15,6,14,1988,Australia (AUS)
15,5,3,16,4,12,1988,Yugoslavia (YUG)
16,2,3,17,3,8,1988,Czechoslovakia (TCH)
17,8,3,18,2,13,1988,New Zealand (NZL)
18,5,3,19,2,10,1988,Canada (CAN)
19,9,2,20,5,16,1988,Poland (POL)
20,0,2,21,3,5,1988,Norway (NOR)
21,5,2,22,2,9,1988,Netherlands (NED)
22,1,2,23,1,4,1988,Denmark (DEN)
23,3,1,24,2,6,1988,Brazil (BRA)
24,2,1,25,1,4,1988,Finland (FIN)
25,2,1,25,1,4,1988,Spain (ESP)
26,0,1,27,1,2,1988,Turkey (TUR)
27,2,1,28,0,3,1988,Morocco (MAR)
28,0,1,29,0,1,1988,Austria (AUT)
29,0,1,29,0,1,1988,Portugal (POR)
30,0,1,29,0,1,1988,Suriname (SUR)
31,7,0,32,4,11,1988,Sweden (SWE)
32,2,0,33,2,4,1988,Switzerland (SUI)
33,0,0,34,2,2,1988,Jamaica (JAM)
34,1,0,35,1,2,1988,Argentina (ARG)
35,0,0,36,1,1,1988,Chile (CHI)
36,0,0,36,1,1,1988,Costa Rica (CRC)
37,0,0,36,1,1,1988,Indonesia (INA)
38,0,0,36,1,1,1988,Iran (IRI)
39,0,0,36,1,1,1988,Netherlands Antilles (AHO)
40,0,0,36,1,1,1988,Peru (PER)
41,0,0,36,1,1,1988,Senegal (SEN)
42,0,0,36,1,1,1988,Virgin Islands (ISV)
43,2,0,44,0,2,1988,Belgium (BEL)
44,2,0,44,0,2,1988,Mexico (MEX)
45,1,0,46,0,1,1988,Colombia (COL)
46,1,0,46,0,1,1988,Djibouti (DJI)
47,1,0,46,0,1,1988,Greece (GRE)
48,1,0,46,0,1,1988,Mongolia (MGL)
49,1,0,46,0,1,1988,Pakistan (PAK)
50,1,0,46,0,1,1988,Philippines (PHI)
51,1,0,46,0,1,1988,Thailand (THA)
52,264,241,Totals (52 nations),234,739,1988,Totals (52 nations)
0,29,45,1,38,112,1992,Unified Team (EUN)
1,37,37,2,34,108,1992,United States (USA)
2,28,33,3,21,82,1992,Germany (GER)
3,16,16,4,22,54,1992,China (CHN)
4,11,14,5,6,31,1992,Cuba (CUB)
5,2,13,6,7,22,1992,Spain (ESP)*
6,12,12,7,5,29,1992,South Korea (KOR)
7,7,11,8,12,30,1992,Hungary (HUN)
8,16,8,9,5,29,1992,France (FRA)
9,11,7,10,9,27,1992,Australia (AUS)
10,7,7,11,4,18,1992,Canada (CAN)
11,8,6,12,5,19,1992,Italy (ITA)
12,12,5,13,3,20,1992,Great Britain (GBR)
13,8,4,14,6,18,1992,Romania (ROU)
14,1,4,15,2,7,1992,Czechoslovakia (TCH)
15,5,4,16,0,9,1992,North Korea (PRK)
16,11,3,17,8,22,1992,Japan (JPN)
17,6,3,18,7,16,1992,Bulgaria (BUL)
18,10,3,19,6,19,1992,Poland (POL)
19,7,2,20,6,15,1992,Netherlands (NED)
20,2,2,21,4,8,1992,Kenya (KEN)
21,1,2,22,4,7,1992,Norway (NOR)
22,2,2,23,2,6,1992,Turkey (TUR)
23,1,2,24,2,5,1992,Indonesia (INA)
24,0,2,25,1,3,1992,Brazil (BRA)
25,0,2,26,0,2,1992,Greece (GRE)
26,4,1,27,7,12,1992,Sweden (SWE)
27,5,1,28,4,10,1992,New Zealand (NZL)
28,2,1,29,2,5,1992,Finland (FIN)
29,4,1,30,1,6,1992,Denmark (DEN)
30,1,1,31,1,3,1992,Morocco (MAR)
31,0,1,32,1,2,1992,Ireland (IRL)
32,2,1,33,0,3,1992,Ethiopia (ETH)
33,1,1,34,0,2,1992,Algeria (ALG)
34,1,1,34,0,2,1992,Estonia (EST)
35,1,1,34,0,2,1992,Lithuania (LTU)
36,0,1,37,0,1,1992,Switzerland (SUI)
37,1,0,38,3,4,1992,Jamaica (JAM)
38,1,0,38,3,4,1992,Nigeria (NGR)
39,1,0,40,2,3,1992,Latvia (LAT)
40,0,0,41,2,2,1992,Austria (AUT)
41,0,0,41,2,2,1992,Namibia (NAM)
42,0,0,41,2,2,1992,South Africa (RSA)
43,2,0,44,1,3,1992,Belgium (BEL)
44,2,0,44,1,3,1992,Croatia (CRO)
45,2,0,44,1,3,1992,Independent Olympic Participants (IOP)
46,2,0,44,1,3,1992,Iran (IRI)
47,1,0,48,1,2,1992,Israel (ISR)
48,0,0,49,1,1,1992,Chinese Taipei (TPE)
49,0,0,49,1,1,1992,Mexico (MEX)
50,0,0,49,1,1,1992,Peru (PER)
51,2,0,52,0,2,1992,Mongolia (MGL)
52,2,0,52,0,2,1992,Slovenia (SLO)
53,1,0,54,0,1,1992,Argentina (ARG)
54,1,0,54,0,1,1992,Bahamas (BAH)
55,1,0,54,0,1,1992,Colombia (COL)
56,1,0,54,0,1,1992,Ghana (GHA)
57,1,0,54,0,1,1992,Malaysia (MAS)
58,1,0,54,0,1,1992,Pakistan (PAK)
59,1,0,54,0,1,1992,Philippines (PHI)
60,1,0,54,0,1,1992,Puerto Rico (PUR)
61,1,0,54,0,1,1992,Qatar (QAT)
62,1,0,54,0,1,1992,Suriname (SUR)
63,1,0,54,0,1,1992,Thailand (THA)
64,298,260,Totals (64 nations),257,815,1992,Totals (64 nations)
0,25,44,1,32,101,1996,United States (USA)*
1,16,26,2,21,63,1996,Russia (RUS)
2,27,20,3,18,65,1996,Germany (GER)
3,12,16,4,22,50,1996,China (CHN)
4,15,15,5,7,37,1996,France (FRA)
5,12,13,6,10,35,1996,Italy (ITA)
6,23,9,7,9,41,1996,Australia (AUS)
7,8,9,8,8,25,1996,Cuba (CUB)
8,12,9,9,2,23,1996,Ukraine (UKR)
9,5,7,10,15,27,1996,South Korea (KOR)
10,5,7,11,5,17,1996,Poland (POL)
11,10,7,12,4,21,1996,Hungary (HUN)
12,6,5,13,6,17,1996,Spain (ESP)
13,9,4,14,7,20,1996,Romania (ROU)
14,10,4,15,5,19,1996,Netherlands (NED)
15,0,4,16,4,8,1996,Greece (GRE)
16,4,4,17,3,11,1996,Czech Republic (CZE)
17,0,4,18,3,7,1996,Switzerland (SUI)
18,1,4,19,1,6,1996,Denmark (DEN)
19,1,4,19,1,6,1996,Turkey (TUR)
20,8,3,21,11,22,1996,Canada (CAN)
21,5,3,22,7,15,1996,Bulgaria (BUL)
22,5,3,23,6,14,1996,Japan (JPN)
23,4,3,24,4,11,1996,Kazakhstan (KAZ)
24,9,3,25,3,15,1996,Brazil (BRA)
25,1,3,26,2,6,1996,New Zealand (NZL)
26,1,3,27,1,5,1996,South Africa (RSA)
27,1,3,28,0,4,1996,Ireland (IRL)
28,2,2,29,4,8,1996,Sweden (SWE)
29,3,2,30,2,7,1996,Norway (NOR)
30,2,2,31,2,6,1996,Belgium (BEL)
31,3,2,32,1,6,1996,Nigeria (NGR)
32,2,2,33,1,5,1996,North Korea (PRK)
33,1,2,34,0,3,1996,Algeria (ALG)
34,1,2,34,0,3,1996,Ethiopia (ETH)
35,6,1,36,8,15,1996,Great Britain (GBR)
36,8,1,37,6,15,1996,Belarus (BLR)
37,3,1,38,4,8,1996,Kenya (KEN)
38,2,1,39,3,6,1996,Jamaica (JAM)
39,1,1,40,2,4,1996,Finland (FIN)
40,2,1,41,1,4,1996,Indonesia (INA)
41,2,1,41,1,4,1996,Yugoslavia (YUG)
42,1,1,43,1,3,1996,Iran (IRI)
43,1,1,43,1,3,1996,Slovakia (SVK)
44,0,1,45,1,2,1996,Armenia (ARM)
45,0,1,45,1,2,1996,Croatia (CRO)
46,1,1,47,0,2,1996,Portugal (POR)
47,1,1,47,0,2,1996,Thailand (THA)
48,0,1,49,0,1,1996,Burundi (BDI)
49,0,1,49,0,1,1996,Costa Rica (CRC)
50,0,1,49,0,1,1996,Ecuador (ECU)
51,0,1,49,0,1,1996,Hong Kong (HKG)
52,0,1,49,0,1,1996,Syria (SYR)
53,1,0,54,2,3,1996,Argentina (ARG)
54,0,0,55,2,2,1996,Namibia (NAM)
55,0,0,55,2,2,1996,Slovenia (SLO)
56,2,0,57,1,3,1996,Austria (AUT)
57,1,0,58,1,2,1996,Malaysia (MAS)
58,1,0,58,1,2,1996,Moldova (MDA)
59,1,0,58,1,2,1996,Uzbekistan (UZB)
60,0,0,61,1,1,1996,Azerbaijan (AZE)
61,0,0,61,1,1,1996,Bahamas (BAH)
62,0,0,61,1,1,1996,Chinese Taipei (TPE)
63,0,0,61,1,1,1996,Latvia (LAT)
64,0,0,61,1,1,1996,Philippines (PHI)
65,0,0,61,1,1,1996,Tonga (TGA)
66,0,0,61,1,1,1996,Zambia (ZAM)
67,2,0,68,0,2,1996,Georgia (GEO)
68,2,0,68,0,2,1996,Morocco (MAR)
69,2,0,68,0,2,1996,Trinidad and Tobago (TRI)
70,1,0,71,0,1,1996,India (IND)
71,1,0,71,0,1,1996,Israel (ISR)
72,1,0,71,0,1,1996,Lithuania (LTU)
73,1,0,71,0,1,1996,Mexico (MEX)
74,1,0,71,0,1,1996,Mongolia (MGL)
75,1,0,71,0,1,1996,Mozambique (MOZ)
76,1,0,71,0,1,1996,Puerto Rico (PUR)
77,1,0,71,0,1,1996,Tunisia (TUN)
78,1,0,71,0,1,1996,Uganda (UGA)
79,298,271,Totals (79 nations),273,842,1996,Totals (79 nations)
0,32,37,1,24,93,2000,United States (USA)
1,29,32,2,28,89,2000,Russia (RUS)
2,14,28,3,16,58,2000,China (CHN)
3,17,16,4,25,58,2000,Australia (AUS)*
4,26,13,5,17,56,2000,Germany (GER)
5,11,13,6,14,38,2000,France (FRA)
6,13,13,7,8,34,2000,Italy (ITA)
7,4,12,8,9,25,2000,Netherlands (NED)
8,7,11,9,11,29,2000,Cuba (CUB)
9,7,11,10,10,28,2000,Great Britain (GBR)
10,9,11,11,6,26,2000,Romania (ROU)
11,10,8,12,10,28,2000,South Korea (KOR)
12,3,8,13,6,17,2000,Hungary (HUN)
13,3,6,14,5,14,2000,Poland (POL)
14,5,5,15,8,18,2000,Japan (JPN)
15,2,5,16,6,13,2000,Bulgaria (BUL)
16,3,4,17,6,13,2000,Greece (GRE)
17,3,4,18,5,12,2000,Sweden (SWE)
18,3,4,19,3,10,2000,Norway (NOR)
19,3,4,20,1,8,2000,Ethiopia (ETH)
20,10,3,21,10,23,2000,Ukraine (UKR)
21,0,3,22,4,7,2000,Kazakhstan (KAZ)
22,11,3,23,3,17,2000,Belarus (BLR)
23,8,3,24,3,14,2000,Canada (CAN)
24,5,3,25,3,11,2000,Spain (ESP)
25,2,3,26,0,5,2000,Turkey (TUR)
26,1,3,27,0,4,2000,Iran (IRI)
27,3,2,28,3,8,2000,Czech Republic (CZE)
28,2,2,29,3,7,2000,Kenya (KEN)
29,1,2,30,3,6,2000,Denmark (DEN)
30,1,2,31,1,4,2000,Finland (FIN)
31,0,2,32,1,3,2000,Austria (AUT)
32,3,2,33,0,5,2000,Lithuania (LTU)
33,1,2,34,0,3,2000,Azerbaijan (AZE)
34,1,2,34,0,3,2000,Bahamas (BAH)
35,0,2,36,0,2,2000,Slovenia (SLO)
36,2,1,37,6,9,2000,Switzerland (SUI)
37,2,1,38,3,6,2000,Indonesia (INA)
38,1,1,39,3,5,2000,Slovakia (SVK)
39,3,1,40,2,6,2000,Mexico (MEX)
40,0,1,41,2,3,2000,Nigeria (NGR)
41,3,1,42,1,5,2000,Algeria (ALG)
42,2,1,43,1,4,2000,Uzbekistan (UZB)
43,1,1,44,1,3,2000,Latvia (LAT)
44,1,1,44,1,3,2000,Yugoslavia (YUG)
45,3,1,46,0,4,2000,New Zealand (NZL)
46,2,1,47,0,3,2000,Estonia (EST)
47,2,1,47,0,3,2000,Thailand (THA)
48,1,1,49,0,2,2000,Croatia (CRO)
49,0,1,50,0,1,2000,Cameroon (CMR)
50,0,1,50,0,1,2000,Colombia (COL)
51,0,1,50,0,1,2000,Mozambique (MOZ)
52,6,0,53,6,12,2000,Brazil (BRA)
53,3,0,54,6,9,2000,Jamaica (JAM)
54,3,0,55,2,5,2000,Belgium (BEL)
55,3,0,55,2,5,2000,South Africa (RSA)
56,2,0,57,2,4,2000,Argentina (ARG)
57,4,0,58,1,5,2000,Chinese Taipei (TPE)
58,4,0,58,1,5,2000,Morocco (MAR)
59,3,0,60,1,4,2000,North Korea (PRK)
60,1,0,61,1,2,2000,Moldova (MDA)
61,1,0,61,1,2,2000,Saudi Arabia (KSA)
62,1,0,61,1,2,2000,Trinidad and Tobago (TRI)
63,0,0,64,1,1,2000,Ireland (IRL)
64,0,0,64,1,1,2000,Sri Lanka (SRI)
65,0,0,64,1,1,2000,Uruguay (URU)
66,0,0,64,1,1,2000,Vietnam (VIE)
67,6,0,68,0,6,2000,Georgia (GEO)
68,2,0,69,0,2,2000,Costa Rica (CRC)
69,2,0,69,0,2,2000,Portugal (POR)
70,1,0,71,0,1,2000,Armenia (ARM)
71,1,0,71,0,1,2000,Barbados (BAR)
72,1,0,71,0,1,2000,Chile (CHI)
73,1,0,71,0,1,2000,Iceland (ISL)
74,1,0,71,0,1,2000,India (IND)
75,1,0,71,0,1,2000,Israel (ISR)
76,1,0,71,0,1,2000,Kuwait (KUW)
77,1,0,71,0,1,2000,Kyrgyzstan (KGZ)
78,1,0,71,0,1,2000,Macedonia (MKD)
79,1,0,71,0,1,2000,Qatar (QAT)
80,327,300,Totals (80 nations),300,927,2000,Totals (80 nations)
0,26,36,1,39,101,2004,United States (USA)
1,14,32,2,17,63,2004,China (CHN)
2,36,28,3,26,90,2004,Russia (RUS)
3,17,17,4,16,50,2004,Australia (AUS)
4,12,16,5,9,37,2004,Japan (JPN)
5,20,13,6,16,49,2004,Germany (GER)
6,13,11,7,9,33,2004,France (FRA)
7,11,10,8,11,32,2004,Italy (ITA)
8,9,9,9,12,30,2004,South Korea (KOR)
9,12,9,10,9,30,2004,Great Britain (GBR)
10,11,9,11,7,27,2004,Cuba (CUB)
11,3,8,12,6,17,2004,Hungary (HUN)
12,9,8,13,5,22,2004,Ukraine (UKR)
13,6,8,14,5,19,2004,Romania (ROU)
14,4,6,15,6,16,2004,Greece (GRE)*
15,3,5,16,2,10,2004,Brazil (BRA)
16,1,5,17,0,6,2004,Norway (NOR)
17,9,4,18,9,22,2004,Netherlands (NED)
18,1,4,19,2,7,2004,Sweden (SWE)
19,6,3,20,11,20,2004,Spain (ESP)
20,3,3,21,6,12,2004,Canada (CAN)
21,5,3,22,3,11,2004,Turkey (TUR)
22,5,3,23,2,10,2004,Poland (POL)
23,0,3,24,2,5,2004,New Zealand (NZL)
24,4,3,25,1,8,2004,Thailand (THA)
25,6,2,26,5,13,2004,Belarus (BLR)
26,1,2,27,4,7,2004,Austria (AUT)
27,2,2,28,3,7,2004,Ethiopia (ETH)
28,2,2,29,2,6,2004,Iran (IRI)
29,2,2,29,2,6,2004,Slovakia (SVK)
30,1,2,31,2,5,2004,Chinese Taipei (TPE)
31,0,2,32,2,4,2004,Georgia (GEO)
32,9,2,33,1,12,2004,Bulgaria (BUL)
33,5,2,34,1,8,2004,Denmark (DEN)
34,2,2,35,1,5,2004,Jamaica (JAM)
35,2,2,35,1,5,2004,Uzbekistan (UZB)
36,0,2,37,1,3,2004,Morocco (MAR)
37,4,2,38,0,6,2004,Argentina (ARG)
38,1,2,39,0,3,2004,Chile (CHI)
39,3,1,40,4,8,2004,Kazakhstan (KAZ)
40,2,1,41,4,7,2004,Kenya (KEN)
41,5,1,42,3,9,2004,Czech Republic (CZE)
42,2,1,43,3,6,2004,South Africa (RSA)
43,2,1,44,2,5,2004,Croatia (CRO)
44,0,1,45,2,3,2004,Lithuania (LTU)
45,3,1,46,1,5,2004,Egypt (EGY)
46,3,1,46,1,5,2004,Switzerland (SUI)
47,2,1,48,1,4,2004,Indonesia (INA)
48,1,1,49,1,3,2004,Zimbabwe (ZIM)
49,4,1,50,0,5,2004,Azerbaijan (AZE)
50,2,1,51,0,3,2004,Belgium (BEL)
51,1,1,52,0,2,2004,Bahamas (BAH)
52,1,1,52,0,2,2004,Israel (ISR)
53,0,1,54,0,1,2004,Cameroon (CMR)
54,0,1,54,0,1,2004,Dominican Republic (DOM)
55,0,1,54,0,1,2004,United Arab Emirates (UAE)
56,1,0,57,4,5,2004,North Korea (PRK)
57,0,0,58,4,4,2004,Latvia (LAT)
58,1,0,59,3,4,2004,Mexico (MEX)
59,1,0,60,2,3,2004,Portugal (POR)
60,0,0,61,2,2,2004,Finland (FIN)
61,0,0,61,2,2,2004,Serbia and Montenegro (SCG)
62,3,0,63,1,4,2004,Slovenia (SLO)
63,2,0,64,1,3,2004,Estonia (EST)
64,0,0,65,1,1,2004,Hong Kong (HKG)
65,0,0,65,1,1,2004,India (IND)
66,0,0,65,1,1,2004,Paraguay (PAR)
67,2,0,68,0,2,2004,Colombia (COL)
68,2,0,68,0,2,2004,Nigeria (NGR)
69,2,0,68,0,2,2004,Venezuela (VEN)
70,1,0,71,0,1,2004,Eritrea (ERI)
71,1,0,71,0,1,2004,Mongolia (MGL)
72,1,0,71,0,1,2004,Syria (SYR)
73,1,0,71,0,1,2004,Trinidad and Tobago (TRI)
74,326,301,Totals (74 nations),300,927,2004,Totals (74 nations)
0,30,48,1,22,100,2008,China (CHN)*
1,37,36,2,39,112,2008,United States (USA)
2,23,24,3,13,60,2008,Russia (RUS)
3,19,19,4,13,51,2008,Great Britain (GBR)
4,14,16,5,11,41,2008,Germany (GER)
5,17,14,6,15,46,2008,Australia (AUS)
6,8,13,7,11,32,2008,South Korea (KOR)
7,8,9,8,8,25,2008,Japan (JPN)
8,10,8,9,9,27,2008,Italy (ITA)
9,20,7,10,16,43,2008,France (FRA)
10,4,7,11,5,16,2008,Netherlands (NED)
11,11,7,12,4,22,2008,Ukraine (UKR)
12,6,6,13,4,16,2008,Kenya (KEN)
13,3,5,14,11,19,2008,Spain (ESP)
14,2,5,15,4,11,2008,Jamaica (JAM)
15,2,4,16,5,11,2008,Poland (POL)
16,1,4,17,2,7,2008,Ethiopia (ETH)
17,4,4,18,1,9,2008,Romania (ROU)
18,17,3,19,10,30,2008,Cuba (CUB)
19,8,3,20,9,20,2008,Canada (CAN)
20,2,3,21,5,10,2008,Hungary (HUN)
21,1,3,22,5,9,2008,Norway (NOR)
22,10,3,23,4,17,2008,Brazil (BRA)
23,7,3,24,4,14,2008,Belarus (BLR)
24,1,3,25,3,7,2008,Czech Republic (CZE)
25,0,3,26,3,6,2008,Slovakia (SVK)
26,4,3,27,2,9,2008,New Zealand (NZL)
27,2,3,28,2,7,2008,Georgia (GEO)
28,4,2,29,3,9,2008,Kazakhstan (KAZ)
29,3,2,30,2,7,2008,Denmark (DEN)
30,2,2,31,2,6,2008,North Korea (PRK)
31,2,2,31,2,6,2008,Thailand (THA)
32,0,2,33,2,4,2008,Mongolia (MGL)
33,4,2,34,1,7,2008,Switzerland (SUI)
34,4,2,35,0,6,2008,Argentina (ARG)
35,2,2,36,0,4,2008,Mexico (MEX)
36,0,2,37,0,2,2008,Belgium (BEL)
37,0,1,38,3,4,2008,Zimbabwe (ZIM)
38,2,1,39,2,5,2008,Slovenia (SLO)
39,4,1,40,1,6,2008,Azerbaijan (AZE)
40,4,1,40,1,6,2008,Indonesia (INA)
41,3,1,42,1,5,2008,Bulgaria (BUL)
42,3,1,42,1,5,2008,Turkey (TUR)
43,2,1,44,1,4,2008,Chinese Taipei (TPE)
44,2,1,44,1,4,2008,Finland (FIN)
45,1,1,46,1,3,2008,Latvia (LAT)
46,0,1,47,1,2,2008,Dominican Republic (DOM)
47,0,1,47,1,2,2008,Estonia (EST)
48,0,1,47,1,2,2008,Portugal (POR)
49,0,1,47,1,2,2008,Trinidad and Tobago (TTO)
50,2,1,51,0,3,2008,India (IND)
51,1,1,52,0,2,2008,Iran (IRI)
52,0,1,53,0,1,2008,Cameroon (CMR)
53,0,1,53,0,1,2008,Panama (PAN)
54,0,1,53,0,1,2008,Tunisia (TUN)
55,1,0,56,4,5,2008,Sweden (SWE)
56,2,0,57,3,5,2008,Lithuania (LTU)
57,2,0,57,3,5,2008,Nigeria (NGR)
58,3,0,59,2,5,2008,Croatia (CRO)
59,1,0,60,2,3,2008,Colombia (COL)
60,1,0,60,2,3,2008,Greece (GRE)
61,4,0,62,1,5,2008,Armenia (ARM)
62,3,0,63,1,4,2008,Uzbekistan (UZB)
63,2,0,64,1,3,2008,Austria (AUT)
64,2,0,64,1,3,2008,Ireland (IRL)
65,2,0,64,1,3,2008,Kyrgyzstan (KGZ)
66,2,0,64,1,3,2008,Serbia (SRB)
67,1,0,68,1,2,2008,Algeria (ALG)
68,1,0,68,1,2,2008,Bahamas (BAH)
69,1,0,68,1,2,2008,Morocco (MAR)
70,1,0,68,1,2,2008,Tajikistan (TJK)
71,0,0,72,1,1,2008,Chile (CHI)
72,0,0,72,1,1,2008,Ecuador (ECU)
73,0,0,72,1,1,2008,Iceland (ISL)
74,0,0,72,1,1,2008,Malaysia (MAS)
75,0,0,72,1,1,2008,Samoa (SAM)
76,0,0,72,1,1,2008,Singapore (SIN)
77,0,0,72,1,1,2008,South Africa (RSA)
78,0,0,72,1,1,2008,Sudan (SUD)
79,0,0,72,1,1,2008,Vietnam (VIE)
80,2,0,81,0,2,2008,Egypt (EGY)
81,1,0,82,0,1,2008,Afghanistan (AFG)
82,1,0,82,0,1,2008,Israel (ISR)
83,1,0,82,0,1,2008,Mauritius (MRI)
84,1,0,82,0,1,2008,Moldova (MDA)
85,1,0,82,0,1,2008,Togo (TOG)
86,1,0,82,0,1,2008,Venezuela (VEN)
87,353,302,Totals (87 NOCs),303,958,2008,Totals (87 NOCs)
0,30,46,1,28,104,2012,United States (USA)
1,22,38,2,31,91,2012,China (CHN)
2,19,29,3,17,65,2012,Great Britain (GBR)*
3,28,19,4,21,68,2012,Russia (RUS)
4,8,13,5,9,30,2012,South Korea (KOR)
5,13,11,6,20,44,2012,Germany (GER)
6,13,11,7,11,35,2012,France (FRA)
7,12,8,8,15,35,2012,Australia (AUS)
8,11,8,9,9,28,2012,Italy (ITA)
9,6,8,10,4,18,2012,Hungary (HUN)
10,17,7,11,14,38,2012,Japan (JPN)
11,8,6,12,6,20,2012,Netherlands (NED)
12,1,6,13,6,13,2012,Iran (IRI)
13,10,6,14,4,20,2012,Ukraine (UKR)
14,5,6,15,2,13,2012,New Zealand (NZL)
15,7,5,16,3,15,2012,Cuba (CUB)
16,4,4,17,10,18,2012,Spain (ESP)
17,3,4,18,5,12,2012,Jamaica (JAM)
18,4,4,19,3,11,2012,Czech Republic (CZE)
19,1,4,20,1,6,2012,South Africa (RSA)
20,2,4,21,0,6,2012,North Korea (PRK)
21,9,3,22,5,17,2012,Brazil (BRA)
22,3,3,23,2,8,2012,Ethiopia (ETH)
23,7,3,24,1,11,2012,Kazakhstan (KAZ)
24,7,3,24,1,11,2012,Poland (POL)
25,2,3,26,1,6,2012,Croatia (CRO)
26,11,2,27,5,18,2012,Canada (CAN)
27,3,2,28,5,10,2012,Belarus (BLR)
28,2,2,29,5,9,2012,Romania (ROU)
29,7,2,30,4,13,2012,Kenya (KEN)
30,3,2,31,4,9,2012,Denmark (DEN)
31,5,2,32,2,9,2012,Azerbaijan (AZE)
32,0,2,33,2,4,2012,Switzerland (SUI)
33,1,2,34,1,4,2012,Norway (NOR)
34,3,2,35,0,5,2012,Lithuania (LTU)
35,1,2,36,0,3,2012,Tunisia (TUN)
36,3,1,37,4,8,2012,Sweden (SWE)
37,4,1,38,3,8,2012,Colombia (COL)
38,4,1,38,3,8,2012,Mexico (MEX)
39,3,1,40,2,6,2012,Georgia (GEO)
40,4,1,41,1,6,2012,Ireland (IRL)
41,2,1,42,1,4,2012,Argentina (ARG)
42,2,1,42,1,4,2012,Serbia (SRB)
43,2,1,42,1,4,2012,Slovenia (SLO)
44,2,1,42,1,4,2012,Trinidad and Tobago (TRI)
45,1,1,46,1,3,2012,Turkey (TUR)
46,0,1,47,1,2,2012,Dominican Republic (DOM)
47,1,1,48,0,2,2012,Chinese Taipei (TPE)
48,1,1,48,0,2,2012,Latvia (LAT)
49,0,1,50,0,1,2012,Algeria (ALG)
50,0,1,50,0,1,2012,Bahamas (BAH)
51,0,1,50,0,1,2012,Bahrain (BRN)
52,0,1,50,0,1,2012,Grenada (GRN)
53,0,1,50,0,1,2012,Uganda (UGA)
54,0,1,50,0,1,2012,Venezuela (VEN)
55,1,0,56,3,4,2012,Egypt (EGY)
56,4,0,57,2,6,2012,India (IND)
57,3,0,58,2,5,2012,Mongolia (MGL)
58,2,0,59,2,4,2012,Thailand (THA)
59,1,0,60,2,3,2012,Bulgaria (BUL)
60,1,0,60,2,3,2012,Finland (FIN)
61,1,0,60,2,3,2012,Indonesia (INA)
62,3,0,63,1,4,2012,Slovakia (SVK)
63,2,0,64,1,3,2012,Belgium (BEL)
64,1,0,65,1,2,2012,Armenia (ARM)
65,1,0,65,1,2,2012,Estonia (EST)
66,1,0,65,1,2,2012,Malaysia (MAS)
67,1,0,65,1,2,2012,Puerto Rico (PUR)
68,0,0,69,1,1,2012,Botswana (BOT)
69,0,0,69,1,1,2012,Cyprus (CYP)
70,0,0,69,1,1,2012,Gabon (GAB)
71,0,0,69,1,1,2012,Guatemala (GUA)
72,0,0,69,1,1,2012,Montenegro (MNE)
73,0,0,69,1,1,2012,Portugal (POR)
74,2,0,75,0,2,2012,Greece (GRE)
75,2,0,75,0,2,2012,Qatar (QAT)
76,2,0,75,0,2,2012,Singapore (SIN)
77,2,0,75,0,2,2012,Uzbekistan (UZB)
78,1,0,79,0,1,2012,Afghanistan (AFG)
79,1,0,79,0,1,2012,Cameroon (CMR)
80,1,0,79,0,1,2012,Hong Kong (HKG)
81,1,0,79,0,1,2012,Kuwait (KUW)
82,1,0,79,0,1,2012,Morocco (MAR)
83,1,0,79,0,1,2012,Saudi Arabia (KSA)
84,1,0,79,0,1,2012,Tajikistan (TJK)
85,354,301,Totals (85 NOCs),303,958,2012,Totals (85 NOCs)
0,38,46,1,37,121,2016,United States (USA)
1,17,27,2,23,67,2016,Great Britain (GBR)
2,26,26,3,18,70,2016,China (CHN)
3,20,19,4,17,56,2016,Russia (RUS)
4,15,17,5,10,42,2016,Germany (GER)
5,21,12,6,8,41,2016,Japan (JPN)
6,14,10,7,18,42,2016,France (FRA)
7,9,9,8,3,21,2016,South Korea (KOR)
8,8,8,9,12,28,2016,Italy (ITA)
9,10,8,10,11,29,2016,Australia (AUS)
10,4,8,11,7,19,2016,Netherlands (NED)
11,4,8,12,3,15,2016,Hungary (HUN)
12,6,7,13,6,19,2016,Brazil (BRA)*
13,6,7,14,4,17,2016,Spain (ESP)
14,1,6,15,6,13,2016,Kenya (KEN)
15,2,6,16,3,11,2016,Jamaica (JAM)
16,2,5,17,3,10,2016,Croatia (CRO)
17,4,5,18,2,11,2016,Cuba (CUB)
18,5,4,19,9,18,2016,New Zealand (NZL)
19,15,4,20,3,22,2016,Canada (CAN)
20,7,4,21,2,13,2016,Uzbekistan (UZB)
21,10,3,22,5,18,2016,Kazakhstan (KAZ)
22,3,3,23,2,8,2016,Colombia (COL)
23,2,3,24,2,7,2016,Switzerland (SUI)
24,4,3,25,1,8,2016,Iran (IRI)
25,2,3,26,1,6,2016,Greece (GRE)
26,0,3,27,1,4,2016,Argentina (ARG)
27,7,2,28,6,15,2016,Denmark (DEN)
28,3,2,29,6,11,2016,Sweden (SWE)
29,2,2,30,6,10,2016,South Africa (RSA)
30,4,2,31,5,11,2016,Ukraine (UKR)
31,2,2,32,4,8,2016,Serbia (SRB)
32,6,2,33,3,11,2016,Poland (POL)
33,2,2,34,3,7,2016,North Korea (PRK)
34,2,2,35,2,6,2016,Belgium (BEL)
35,2,2,35,2,6,2016,Thailand (THA)
36,0,2,37,2,4,2016,Slovakia (SVK)
37,4,2,38,1,7,2016,Georgia (GEO)
38,10,1,39,7,18,2016,Azerbaijan (AZE)
39,4,1,40,4,9,2016,Belarus (BLR)
40,4,1,41,3,8,2016,Turkey (TUR)
41,0,1,42,3,4,2016,Armenia (ARM)
42,7,1,43,2,10,2016,Czech Republic (CZE)
43,5,1,44,2,8,2016,Ethiopia (ETH)
44,1,1,45,2,4,2016,Slovenia (SLO)
45,0,1,46,2,3,2016,Indonesia (INA)
46,2,1,47,1,4,2016,Romania (ROU)
47,0,1,48,1,2,2016,Bahrain (BRN)
48,0,1,48,1,2,2016,Vietnam (VIE)
49,2,1,50,0,3,2016,Chinese Taipei (TPE)
50,1,1,51,0,2,2016,Bahamas (BAH)
51,1,1,51,0,2,2016,Independent Olympic Athletes (IOA)
52,1,1,51,0,2,2016,Ivory Coast (CIV)
53,0,1,54,0,1,2016,Fiji (FIJ)
54,0,1,54,0,1,2016,Jordan (JOR)
55,0,1,54,0,1,2016,Kosovo (KOS)
56,0,1,54,0,1,2016,Puerto Rico (PUR)
57,0,1,54,0,1,2016,Singapore (SIN)
58,0,1,54,0,1,2016,Tajikistan (TJK)
59,1,0,60,4,5,2016,Malaysia (MAS)
60,2,0,61,3,5,2016,Mexico (MEX)
61,1,0,62,2,3,2016,Venezuela (VEN)
62,0,0,63,2,2,2016,Algeria (ALG)
63,0,0,63,2,2,2016,Ireland (IRL)
64,3,0,65,1,4,2016,Lithuania (LTU)
65,2,0,66,1,3,2016,Bulgaria (BUL)
66,1,0,67,1,2,2016,India (IND)
67,1,0,67,1,2,2016,Mongolia (MGL)
68,0,0,69,1,1,2016,Burundi (BDI)
69,0,0,69,1,1,2016,Grenada (GRN)
70,0,0,69,1,1,2016,Niger (NIG)
71,0,0,69,1,1,2016,Philippines (PHI)
72,0,0,69,1,1,2016,Qatar (QAT)
73,4,0,74,0,4,2016,Norway (NOR)
74,3,0,75,0,3,2016,Egypt (EGY)
75,3,0,75,0,3,2016,Tunisia (TUN)
76,2,0,77,0,2,2016,Israel (ISR)
77,1,0,78,0,1,2016,Austria (AUT)
78,1,0,78,0,1,2016,Dominican Republic (DOM)
79,1,0,78,0,1,2016,Estonia (EST)
80,1,0,78,0,1,2016,Finland (FIN)
81,1,0,78,0,1,2016,Morocco (MAR)
82,1,0,78,0,1,2016,Nigeria (NGR)
83,1,0,78,0,1,2016,Portugal (POR)
84,1,0,78,0,1,2016,Trinidad and Tobago (TTO)
85,1,0,78,0,1,2016,United Arab Emirates (UAE)
86,359,307,Totals (86 NOCs),307,973,2016,Totals (86 NOCs)
